,CoinInfo,RAW,DISPLAY
0,"{'Id': '431235', 'Name': 'AION', 'FullName': 'Aion', 'Internal': 'AION', 'ImageUrl': '/media/36569343/_thumb_36017.png', 'Url': '/coins/aion/overview', 'Algorithm': 'Equihash210,9', 'ProofType': 'PoW/PoS', 'Rating': {'Weiss': {'Rating': 'C', 'TechnologyAdoptionRating': 'C', 'MarketPerformanceRating': 'C-'}}, 'NetHashesPerSecond': 1185467, 'BlockNumber': 6181155, 'BlockTime': 14, 'BlockReward': 4.5, 'Type': 1, 'DocumentType': 'Webpagecoinp'}","{'USD': {'TYPE': '5', 'MARKET': 'CCCAGG', 'FROMSYMBOL': 'AION', 'TOSYMBOL': 'USD', 'FLAGS': '2050', 'PRICE': 0.1139194602, 'LASTUPDATE': 1591453296, 'MEDIAN': 0.1138228364, 'LASTVOLUME': 231, 'LASTVOLUMETO': 26.3153953062, 'LASTTRADEID': '6686895', 'VOLUMEDAY': 4844868.719682594, 'VOLUMEDAYTO': 551924.8292861062, 'VOLUME24HOUR': 8488800.99876084, 'VOLUME24HOURTO': 967039.6275240558, 'OPENDAY': 0.112083608, 'HIGHDAY': 0.1143059554, 'LOWDAY': 0.1098612606, 'OPEN24HOUR': 0.1177844122, 'HIGH24HOUR': 0.117881036, 'LOW24HOUR': 0.1098612606, 'LASTMARKET': 'Binance', 'VOLUMEHOUR': 47010.553965, 'VOLUMEHOURTO': 5355.41693139577, 'OPENHOUR': 0.1136295888, 'HIGHHOUR': 0.114016084, 'LOWHOUR': 0.1132430936, 'TOPTIERVOLUME24HOUR': 8273346.85884525, 'TOPTIERVOLUME24HOURTO': 942495.2082070165, 'CHANGE24HOUR': -0.003864951999999991, 'CHANGEPCT24HOUR': -3.281378178835103, 'CHANGEDAY': 0.0018358522000000016, 'CHANGEPCTDAY': 1.6379310344827602, 'CHANGEHOUR': 0.00028987140000000244, 'CHANGEPCTHOUR': 0.2551020408163287, 'CONVERSIONTYPE': 'multiply', 'CONVERSIONSYMBOL': 'BTC', 'SUPPLY': 33098296530, 'MKTCAP': 3770540074.237133, 'TOTALVOLUME24H': 17070612.26665368, 'TOTALVOLUME24HTO': 1944674.9347006856, 'TOTALTOPTIERVOLUME24H': 16777584.123820283, 'TOTALTOPTIERVOLUME24HTO': 1911293.3268456967, 'IMAGEURL': '/media/36569343/_thumb_36017.png'}}","{'USD': {'FROMSYMBOL': 'AION', 'TOSYMBOL': '$', 'MARKET': 'CryptoCompare Index', 'PRICE': '$ 0.1139', 'LASTUPDATE': 'Just now', 'LASTVOLUME': 'AION 231.00', 'LASTVOLUMETO': '$ 26.32', 'LASTTRADEID': '6686895', 'VOLUMEDAY': 'AION 4,844,868.7', 'VOLUMEDAYTO': '$ 551,924.8', 'VOLUME24HOUR': 'AION 8,488,801.0', 'VOLUME24HOURTO': '$ 967,039.6', 'OPENDAY': '$ 0.1121', 'HIGHDAY': '$ 0.1143', 'LOWDAY': '$ 0.1099', 'OPEN24HOUR': '$ 0.1178', 'HIGH24HOUR': '$ 0.1179', 'LOW24HOUR': '$ 0.1099', 'LASTMARKET': 'Binance', 'VOLUMEHOUR': 'AION 47,010.6', 'VOLUMEHOURTO': '$ 5,355.42', 'OPENHOUR': '$ 0.1136', 'HIGHHOUR': '$ 0.1140', 'LOWHOUR': '$ 0.1132', 'TOPTIERVOLUME24HOUR': 'AION 8,273,346.9', 'TOPTIERVOLUME24HOURTO': '$ 942,495.2', 'CHANGE24HOUR': '$ -0.0039', 'CHANGEPCT24HOUR': '-3.28', 'CHANGEDAY': '$ 0.0018', 'CHANGEPCTDAY': '1.64', 'CHANGEHOUR': '$ 0.00029', 'CHANGEPCTHOUR': '0.26', 'CONVERSIONTYPE': 'multiply', 'CONVERSIONSYMBOL': 'BTC', 'SUPPLY': 'AION 33,098,296,530.0', 'MKTCAP': '$ 3.77 B', 'TOTALVOLUME24H': 'AION 17.07 M', 'TOTALVOLUME24HTO': '$ 1.94 M', 'TOTALTOPTIERVOLUME24H': 'AION 16.78 M', 'TOTALTOPTIERVOLUME24HTO': '$ 1.91 M', 'IMAGEURL': '/media/36569343/_thumb_36017.png'}}"
1,"{'Id': '931991', 'Name': 'NYE', 'FullName': 'NewYork Exchange', 'Internal': 'NYE', 'ImageUrl': '/media/35651475/nye.png', 'Url': '/coins/nye/overview', 'Algorithm': 'N/A', 'ProofType': 'N/A', 'Rating': {'Weiss': {'Rating': '', 'TechnologyAdoptionRating': '', 'MarketPerformanceRating': ''}}, 'NetHashesPerSecond': 121279971657764, 'BlockNumber': 675007, 'BlockTime': 0, 'BlockReward': 19.9999999768204, 'Type': 1, 'DocumentType': 'Webpagecoinp'}","{'USD': {'TYPE': '5', 'MARKET': 'CCCAGG', 'FROMSYMBOL': 'NYE', 'TOSYMBOL': 'USD', 'FLAGS': '2052', 'PRICE': 9.672361400000002, 'LASTUPDATE': 1591453290, 'MEDIAN': 9.582847300000001, 'LASTVOLUME': 28, 'LASTVOLUMETO': 270.8261192000001, 'LASTTRADEID': '45362209', 'VOLUMEDAY': 28, 'VOLUMEDAYTO': 270.8261192000001, 'VOLUME24HOUR': 295477.67645683, 'VOLUME24HOURTO': 2857966.872322732, 'OPENDAY': 9.677200000000001, 'HIGHDAY': 9.677200000000001, 'LOWDAY': 9.5368806, 'OPEN24HOUR': 9.2368874, 'HIGH24HOUR': 9.677200000000001, 'LOW24HOUR': 9.2320488, 'LASTMARKET': 'crex24', 'VOLUMEHOUR': 0, 'VOLUMEHOURTO': 0, 'OPENHOUR': 9.5368806, 'HIGHHOUR': 9.672361400000002, 'LOWHOUR': 9.5368806, 'TOPTIERVOLUME24HOUR': 0, 'TOPTIERVOLUME24HOURTO': 0, 'CHANGE24HOUR': 0.435474000000001, 'CHANGEPCT24HOUR': 4.714510214772143, 'CHANGEDAY': -0.00483859999999936, 'CHANGEPCTDAY': -0.04999999999999339, 'CHANGEHOUR': 0.13548080000000162, 'CHANGEPCTHOUR': 1.4205986808726705, 'CONVERSIONTYPE': 'multiply', 'CONVERSIONSYMBOL': 'ETH', 'SUPPLY': 373500110.786677, 'MKTCAP': 3612628054.468779, 'TOTALVOLUME24H': 380066.3152773105, 'TOTALVOLUME24HTO': 3676138.7573284893, 'TOTALTOPTIERVOLUME24H': 0, 'TOTALTOPTIERVOLUME24HTO': 0, 'IMAGEURL': '/media/35651475/nye.png'}}","{'USD': {'FROMSYMBOL': 'NYE', 'TOSYMBOL': '$', 'MARKET': 'CryptoCompare Index', 'PRICE': '$ 9.67', 'LASTUPDATE': 'Just now', 'LASTVOLUME': 'NYE 28.00', 'LASTVOLUMETO': '$ 270.83', 'LASTTRADEID': '45362209', 'VOLUMEDAY': 'NYE 28.00', 'VOLUMEDAYTO': '$ 270.83', 'VOLUME24HOUR': 'NYE 295,477.7', 'VOLUME24HOURTO': '$ 2,857,966.9', 'OPENDAY': '$ 9.68', 'HIGHDAY': '$ 9.68', 'LOWDAY': '$ 9.54', 'OPEN24HOUR': '$ 9.24', 'HIGH24HOUR': '$ 9.68', 'LOW24HOUR': '$ 9.23', 'LASTMARKET': 'crex24', 'VOLUMEHOUR': 'NYE 0', 'VOLUMEHOURTO': '$ 0', 'OPENHOUR': '$ 9.54', 'HIGHHOUR': '$ 9.67', 'LOWHOUR': '$ 9.54', 'TOPTIERVOLUME24HOUR': 'NYE 0', 'TOPTIERVOLUME24HOURTO': '$ 0', 'CHANGE24HOUR': '$ 0.44', 'CHANGEPCT24HOUR': '4.71', 'CHANGEDAY': '$ -0.0048', 'CHANGEPCTDAY': '-0.05', 'CHANGEHOUR': '$ 0.14', 'CHANGEPCTHOUR': '1.42', 'CONVERSIONTYPE': 'multiply', 'CONVERSIONSYMBOL': 'ETH', 'SUPPLY': 'NYE 373,500,110.8', 'MKTCAP': '$ 3.61 B', 'TOTALVOLUME24H': 'NYE 380.07 K', 'TOTALVOLUME24HTO': '$ 3.68 M', 'TOTALTOPTIERVOLUME24H': 'NYE 0', 'TOTALTOPTIERVOLUME24HTO': '$ 0', 'IMAGEURL': '/media/35651475/nye.png'}}"
2,"{'Id': '926591', 'Name': 'BSV', 'FullName': 'Bitcoin SV', 'Internal': 'BSV', 'ImageUrl': '/media/35309257/bsv1.png', 'Url': '/coins/bsv/overview', 'Algorithm': 'SHA-256', 'ProofType': 'PoW', 'Rating': {'Weiss': {'Rating': 'C-', 'TechnologyAdoptionRating': 'C-', 'MarketPerformanceRating': 'D+'}}, 'NetHashesPerSecond': 1906841521769330000, 'BlockNumber': 638191, 'BlockTime': 0, 'BlockReward': 6.25, 'Type': 1, 'DocumentType': 'Webpagecoinp'}","{'USD': {'TYPE': '5', 'MARKET': 'CCCAGG', 'FROMSYMBOL': 'BSV', 'TOSYMBOL': 'USD', 'FLAGS': '2052', 'PRICE': 194.16, 'LASTUPDATE': 1591451302, 'MEDIAN': 193.95, 'LASTVOLUME': 1.28673632, 'LASTVOLUMETO': 249.83272389119998, 'LASTTRADEID': '456092765', 'VOLUMEDAY': 607.74295091, 'VOLUMEDAYTO': 117950.9487110533, 'VOLUME24HOUR': 1619.92738518, 'VOLUME24HOURTO': 314925.05551333807, 'OPENDAY': 194.82, 'HIGHDAY': 195.42, 'LOWDAY': 193.08, 'OPEN24HOUR': 195.29, 'HIGH24HOUR': 195.74, 'LOW24HOUR': 192.96, 'LASTMARKET': 'Bitfinex', 'VOLUMEHOUR': 0, 'VOLUMEHOURTO': 0, 'OPENHOUR': 194.16, 'HIGHHOUR': 194.16, 'LOWHOUR': 194.16, 'TOPTIERVOLUME24HOUR': 1619.92738518, 'TOPTIERVOLUME24HOURTO': 314925.05551333807, 'CHANGE24HOUR': -1.1299999999999955, 'CHANGEPCT24HOUR': -0.5786266577909752, 'CHANGEDAY': -0.6599999999999966, 'CHANGEPCTDAY': -0.33877425315675835, 'CHANGEHOUR': 0, 'CHANGEPCTHOUR': 0, 'CONVERSIONTYPE': 'direct', 'CONVERSIONSYMBOL': '', 'SUPPLY': 18426183.3319233, 'MKTCAP': 3577627755.7262278, 'TOTALVOLUME24H': 358761.11779049394, 'TOTALVOLUME24HTO': 69657458.58460909, 'TOTALTOPTIERVOLUME24H': 325039.82718298683, 'TOTALTOPTIERVOLUME24HTO': 63110132.80025551, 'IMAGEURL': '/media/35309257/bsv1.png'}}","{'USD': {'FROMSYMBOL': 'BSV', 'TOSYMBOL': '$', 'MARKET': 'CryptoCompare Index', 'PRICE': '$ 194.16', 'LASTUPDATE': '33 min ago', 'LASTVOLUME': 'BSV 1.29', 'LASTVOLUMETO': '$ 249.83', 'LASTTRADEID': '456092765', 'VOLUMEDAY': 'BSV 607.74', 'VOLUMEDAYTO': '$ 117,950.9', 'VOLUME24HOUR': 'BSV 1,619.93', 'VOLUME24HOURTO': '$ 314,925.1', 'OPENDAY': '$ 194.82', 'HIGHDAY': '$ 195.42', 'LOWDAY': '$ 193.08', 'OPEN24HOUR': '$ 195.29', 'HIGH24HOUR': '$ 195.74', 'LOW24HOUR': '$ 192.96', 'LASTMARKET': 'Bitfinex', 'VOLUMEHOUR': 'BSV 0', 'VOLUMEHOURTO': '$ 0', 'OPENHOUR': '$ 194.16', 'HIGHHOUR': '$ 194.16', 'LOWHOUR': '$ 194.16', 'TOPTIERVOLUME24HOUR': 'BSV 1,619.93', 'TOPTIERVOLUME24HOURTO': '$ 314,925.1', 'CHANGE24HOUR': '$ -1.13', 'CHANGEPCT24HOUR': '-0.58', 'CHANGEDAY': '$ -0.66', 'CHANGEPCTDAY': '-0.34', 'CHANGEHOUR': '$ 0.0', 'CHANGEPCTHOUR': '0.00', 'CONVERSIONTYPE': 'direct', 'CONVERSIONSYMBOL': '', 'SUPPLY': 'BSV 18,426,183.3', 'MKTCAP': '$ 3.58 B', 'TOTALVOLUME24H': 'BSV 358.76 K', 'TOTALVOLUME24HTO': '$ 69.66 M', 'TOTALTOPTIERVOLUME24H': 'BSV 325.04 K', 'TOTALTOPTIERVOLUME24HTO': '$ 63.11 M', 'IMAGEURL': '/media/35309257/bsv1.png'}}"
3,"{'Id': '933924', 'Name': 'CTAG', 'FullName': 'CTAGtoken', 'Internal': 'CTAG', 'ImageUrl': '/media/36798582/ctag.png', 'Url': '/coins/ctag/overview', 'Algorithm': 'N/A', 'ProofType': 'N/A', 'Rating': {'Weiss': {'Rating': '', 'TechnologyAdoptionRating': '', 'MarketPerformanceRating': ''}}, 'NetHashesPerSecond': 0, 'BlockNumber': 0, 'BlockTime': 0, 'BlockReward': 0, 'Type': 1, 'DocumentType': 'Webpagecoinp'}","{'USD': {'TYPE': '5', 'MARKET': 'CCCAGG', 'FROMSYMBOL': 'CTAG', 'TOSYMBOL': 'USD', 'FLAGS': '2052', 'PRICE': 0.7729, 'LASTUPDATE': 1591451770, 'MEDIAN': 0.77294471, 'LASTVOLUME': 571.107234, 'LASTVOLUMETO': 441.4343153630321, 'LASTTRADEID': '217277006', 'VOLUMEDAY': 128235.84308899993, 'VOLUMEDAYTO': 99481.67406989553, 'VOLUME24HOUR': 213533.350213, 'VOLUME24HOURTO': 165646.773576357, 'OPENDAY': 0.7745, 'HIGHDAY': 0.7792, 'LOWDAY': 0.7722, 'OPEN24HOUR': 0.7776, 'HIGH24HOUR': 0.7792, 'LOW24HOUR': 0.7722, 'LASTMARKET': 'Coinsbit', 'VOLUMEHOUR': 0, 'VOLUMEHOURTO': 0, 'OPENHOUR': 0.7729, 'HIGHHOUR': 0.7729, 'LOWHOUR': 0.7729, 'TOPTIERVOLUME24HOUR': 0, 'TOPTIERVOLUME24HOURTO': 0, 'CHANGE24HOUR': -0.0046999999999999265, 'CHANGEPCT24HOUR': -0.6044238683127477, 'CHANGEDAY': -0.0015999999999999348, 'CHANGEPCTDAY': -0.20658489347965592, 'CHANGEHOUR': 0, 'CHANGEPCTHOUR': 0, 'CONVERSIONTYPE': 'direct', 'CONVERSIONSYMBOL': '', 'SUPPLY': 4000000000, 'MKTCAP': 3091600000, 'TOTALVOLUME24H': 213533.350213, 'TOTALVOLUME24HTO': 165646.773576357, 'TOTALTOPTIERVOLUME24H': 0, 'TOTALTOPTIERVOLUME24HTO': 0, 'IMAGEURL': '/media/36798582/ctag.png'}}","{'USD': {'FROMSYMBOL': 'CTAG', 'TOSYMBOL': '$', 'MARKET': 'CryptoCompare Index', 'PRICE': '$ 0.7729', 'LASTUPDATE': '25 min ago', 'LASTVOLUME': 'CTAG 571.11', 'LASTVOLUMETO': '$ 441.43', 'LASTTRADEID': '217277006', 'VOLUMEDAY': 'CTAG 128,235.8', 'VOLUMEDAYTO': '$ 99,481.7', 'VOLUME24HOUR': 'CTAG 213,533.4', 'VOLUME24HOURTO': '$ 165,646.8', 'OPENDAY': '$ 0.7745', 'HIGHDAY': '$ 0.7792', 'LOWDAY': '$ 0.7722', 'OPEN24HOUR': '$ 0.7776', 'HIGH24HOUR': '$ 0.7792', 'LOW24HOUR': '$ 0.7722', 'LASTMARKET': 'Coinsbit', 'VOLUMEHOUR': 'CTAG 0', 'VOLUMEHOURTO': '$ 0', 'OPENHOUR': '$ 0.7729', 'HIGHHOUR': '$ 0.7729', 'LOWHOUR': '$ 0.7729', 'TOPTIERVOLUME24HOUR': 'CTAG 0', 'TOPTIERVOLUME24HOURTO': '$ 0', 'CHANGE24HOUR': '$ -0.0047', 'CHANGEPCT24HOUR': '-0.60', 'CHANGEDAY': '$ -0.0016', 'CHANGEPCTDAY': '-0.21', 'CHANGEHOUR': '$ 0.0', 'CHANGEPCTHOUR': '0.00', 'CONVERSIONTYPE': 'direct', 'CONVERSIONSYMBOL': '', 'SUPPLY': 'CTAG 4,000,000,000.0', 'MKTCAP': '$ 3.09 B', 'TOTALVOLUME24H': 'CTAG 213.53 K', 'TOTALVOLUME24HTO': '$ 165.65 K', 'TOTALTOPTIERVOLUME24H': 'CTAG 0', 'TOTALTOPTIERVOLUME24HTO': '$ 0', 'IMAGEURL': '/media/36798582/ctag.png'}}"
4,"{'Id': '3808', 'Name': 'LTC', 'FullName': 'Litecoin', 'Internal': 'LTC', 'ImageUrl': '/media/35309662/ltc.png', 'Url': '/coins/ltc/overview', 'Algorithm': 'Scrypt', 'ProofType': 'PoW', 'Rating': {'Weiss': {'Rating': 'B-', 'TechnologyAdoptionRating': 'B+', 'MarketPerformanceRating': 'D+'}}, 'NetHashesPerSecond': 238525947408588, 'BlockNumber': 1854723, 'BlockTime': 150, 'BlockReward': 12.5, 'Type': 1, 'DocumentType': 'Webpagecoinp'}","{'USD': {'TYPE': '5', 'MARKET': 'CCCAGG', 'FROMSYMBOL': 'LTC', 'TOSYMBOL': 'USD', 'FLAGS': '2052', 'PRICE': 46.95, 'LASTUPDATE': 1591453271, 'MEDIAN': 46.96, 'LASTVOLUME': 1.20393, 'LASTVOLUMETO': 56.5365528, 'LASTTRADEID': '67502209', 'VOLUMEDAY': 80486.88213001959, 'VOLUMEDAYTO': 3754468.361578426, 'VOLUME24HOUR': 157583.73923601996, 'VOLUME24HOURTO': 7377760.080001882, 'OPENDAY': 46.81, 'HIGHDAY': 47.17, 'LOWDAY': 46.21, 'OPEN24HOUR': 46.89, 'HIGH24HOUR': 47.5, 'LOW24HOUR': 46.06, 'LASTMARKET': 'BTCAlpha', 'VOLUMEHOUR': 1378.8442345899994, 'VOLUMEHOURTO': 64784.38220607526, 'OPENHOUR': 46.9, 'HIGHHOUR': 47.01, 'LOWHOUR': 46.9, 'TOPTIERVOLUME24HOUR': 143073.25599036, 'TOPTIERVOLUME24HOURTO': 6698272.9520526435, 'CHANGE24HOUR': 0.060000000000002274, 'CHANGEPCT24HOUR': 0.1279590531030119, 'CHANGEDAY': 0.14000000000000057, 'CHANGEPCTDAY': 0.2990813928647737, 'CHANGEHOUR': 0.05000000000000426, 'CHANGEPCTHOUR': 0.1066098081023545, 'CONVERSIONTYPE': 'direct', 'CONVERSIONSYMBOL': '', 'SUPPLY': 65182057.9967574, 'MKTCAP': 3060297622.94776, 'TOTALVOLUME24H': 2652376.8380700117, 'TOTALVOLUME24HTO': 124508296.0702578, 'TOTALTOPTIERVOLUME24H': 2007795.658646511, 'TOTALTOPTIERVOLUME24HTO': 94246989.75675893, 'IMAGEURL': '/media/35309662/ltc.png'}}","{'USD': {'FROMSYMBOL': 'Ł', 'TOSYMBOL': '$', 'MARKET': 'CryptoCompare Index', 'PRICE': '$ 46.95', 'LASTUPDATE': 'Just now', 'LASTVOLUME': 'Ł 1.20', 'LASTVOLUMETO': '$ 56.54', 'LASTTRADEID': '67502209', 'VOLUMEDAY': 'Ł 80,486.9', 'VOLUMEDAYTO': '$ 3,754,468.4', 'VOLUME24HOUR': 'Ł 157,583.7', 'VOLUME24HOURTO': '$ 7,377,760.1', 'OPENDAY': '$ 46.81', 'HIGHDAY': '$ 47.17', 'LOWDAY': '$ 46.21', 'OPEN24HOUR': '$ 46.89', 'HIGH24HOUR': '$ 47.50', 'LOW24HOUR': '$ 46.06', 'LASTMARKET': 'BTCAlpha', 'VOLUMEHOUR': 'Ł 1,378.84', 'VOLUMEHOURTO': '$ 64,784.4', 'OPENHOUR': '$ 46.90', 'HIGHHOUR': '$ 47.01', 'LOWHOUR': '$ 46.90', 'TOPTIERVOLUME24HOUR': 'Ł 143,073.3', 'TOPTIERVOLUME24HOURTO': '$ 6,698,273.0', 'CHANGE24HOUR': '$ 0.060', 'CHANGEPCT24HOUR': '0.13', 'CHANGEDAY': '$ 0.14', 'CHANGEPCTDAY': '0.30', 'CHANGEHOUR': '$ 0.050', 'CHANGEPCTHOUR': '0.11', 'CONVERSIONTYPE': 'direct', 'CONVERSIONSYMBOL': '', 'SUPPLY': 'Ł 65,182,058.0', 'MKTCAP': '$ 3.06 B', 'TOTALVOLUME24H': 'Ł 2.65 M', 'TOTALVOLUME24HTO': '$ 124.51 M', 'TOTALTOPTIERVOLUME24H': 'Ł 2.01 M', 'TOTALTOPTIERVOLUME24HTO': '$ 94.25 M', 'IMAGEURL': '/media/35309662/ltc.png'}}"
5,"{'Id': '166503', 'Name': 'EOS', 'FullName': 'EOS', 'Internal': 'EOS', 'ImageUrl': '/media/1383652/eos_1.png', 'Url': '/coins/eos/overview', 'Algorithm': 'DPoS', 'ProofType': 'DPoS', 'Rating': {'Weiss': {'Rating': 'C', 'TechnologyAdoptionRating': 'C', 'MarketPerformanceRating': 'D-'}}, 'NetHashesPerSecond': 0, 'BlockNumber': 69480094, 'BlockTime': 3, 'BlockReward': 0, 'Type': 1, 'DocumentType': 'Webpagecoinp'}","{'USD': {'TYPE': '5', 'MARKET': 'CCCAGG', 'FROMSYMBOL': 'EOS', 'TOSYMBOL': 'USD', 'FLAGS': '2052', 'PRICE': 2.817, 'LASTUPDATE': 1591453266, 'MEDIAN': 2.817, 'LASTVOLUME': 34.3, 'LASTVOLUMETO': 96.58879999999999, 'LASTTRADEID': '1587348', 'VOLUMEDAY': 629643.0834287298, 'VOLUMEDAYTO': 1777500.6979313013, 'VOLUME24HOUR': 1779734.42005231, 'VOLUME24HOURTO': 5028191.290776782, 'OPENDAY': 2.815, 'HIGHDAY': 2.843, 'LOWDAY': 2.796, 'OPEN24HOUR': 2.729, 'HIGH24HOUR': 2.867, 'LOW24HOUR': 2.709, 'LASTMARKET': 'Coinbase', 'VOLUMEHOUR': 13343.969598489999, 'VOLUMEHOURTO': 37582.78400241063, 'OPENHOUR': 2.819, 'HIGHHOUR': 2.821, 'LOWHOUR': 2.814, 'TOPTIERVOLUME24HOUR': 1779618.99003683, 'TOPTIERVOLUME24HOURTO': 5027871.437151235, 'CHANGE24HOUR': 0.08800000000000008, 'CHANGEPCT24HOUR': 3.2246244045437917, 'CHANGEDAY': 0.002000000000000224, 'CHANGEPCTDAY': 0.07104795737123352, 'CHANGEHOUR': -0.0019999999999997797, 'CHANGEPCTHOUR': -0.07094714437743099, 'CONVERSIONTYPE': 'direct', 'CONVERSIONSYMBOL': '', 'SUPPLY': 1020544523.0722, 'MKTCAP': 2874873921.4943876, 'TOTALVOLUME24H': 96752433.22322884, 'TOTALVOLUME24HTO': 272566283.8193251, 'TOTALTOPTIERVOLUME24H': 74178265.97857782, 'TOTALTOPTIERVOLUME24HTO': 208974860.0038712, 'IMAGEURL': '/media/1383652/eos_1.png'}}","{'USD': {'FROMSYMBOL': 'EOS', 'TOSYMBOL': '$', 'MARKET': 'CryptoCompare Index', 'PRICE': '$ 2.82', 'LASTUPDATE': 'Just now', 'LASTVOLUME': 'EOS 34.30', 'LASTVOLUMETO': '$ 96.59', 'LASTTRADEID': '1587348', 'VOLUMEDAY': 'EOS 629,643.1', 'VOLUMEDAYTO': '$ 1,777,500.7', 'VOLUME24HOUR': 'EOS 1,779,734.4', 'VOLUME24HOURTO': '$ 5,028,191.3', 'OPENDAY': '$ 2.82', 'HIGHDAY': '$ 2.84', 'LOWDAY': '$ 2.80', 'OPEN24HOUR': '$ 2.73', 'HIGH24HOUR': '$ 2.87', 'LOW24HOUR': '$ 2.71', 'LASTMARKET': 'Coinbase', 'VOLUMEHOUR': 'EOS 13,344.0', 'VOLUMEHOURTO': '$ 37,582.8', 'OPENHOUR': '$ 2.82', 'HIGHHOUR': '$ 2.82', 'LOWHOUR': '$ 2.81', 'TOPTIERVOLUME24HOUR': 'EOS 1,779,619.0', 'TOPTIERVOLUME24HOURTO': '$ 5,027,871.4', 'CHANGE24HOUR': '$ 0.088', 'CHANGEPCT24HOUR': '3.22', 'CHANGEDAY': '$ 0.0020', 'CHANGEPCTDAY': '0.07', 'CHANGEHOUR': '$ -0.0020', 'CHANGEPCTHOUR': '-0.07', 'CONVERSIONTYPE': 'direct', 'CONVERSIONSYMBOL': '', 'SUPPLY': 'EOS 1,020,544,523.1', 'MKTCAP': '$ 2.87 B', 'TOTALVOLUME24H': 'EOS 96.75 M', 'TOTALVOLUME24HTO': '$ 272.57 M', 'TOTALTOPTIERVOLUME24H': 'EOS 74.18 M', 'TOTALTOPTIERVOLUME24HTO': '$ 208.97 M', 'IMAGEURL': '/media/1383652/eos_1.png'}}"
6,"{'Id': '204788', 'Name': 'BNB', 'FullName': 'Binance Coin', 'Internal': 'BNB', 'ImageUrl': '/media/1383947/bnb.png', 'Url': '/coins/bnb/overview', 'Algorithm': 'N/A', 'ProofType': 'N/A', 'Rating': {'Weiss': {'Rating': 'C+', 'TechnologyAdoptionRating': 'B-', 'MarketPerformanceRating': 'C-'}}, 'NetHashesPerSecond': 0, 'BlockNumber': 0, 'BlockTime': 0, 'BlockReward': 0, 'Type': 1, 'DocumentType': 'Webpagecoinp'}","{'USD': {'TYPE': '5', 'MARKET': 'CCCAGG', 'FROMSYMBOL': 'BNB', 'TOSYMBOL': 'USD', 'FLAGS': '2052', 'PRICE': 17.65, 'LASTUPDATE': 1591453290, 'MEDIAN': 17.66, 'LASTVOLUME': 33.921679, 'LASTVOLUMETO': 598.7413795253, 'LASTTRADEID': '217307172', 'VOLUMEDAY': 131758.16016014986, 'VOLUMEDAYTO': 2329901.9697135016, 'VOLUME24HOUR': 170567.75074096, 'VOLUME24HOURTO': 3016621.5267679, 'OPENDAY': 17.68, 'HIGHDAY': 17.8, 'LOWDAY': 17.5, 'OPEN24HOUR': 17.6, 'HIGH24HOUR': 18.09, 'LOW24HOUR': 17.5, 'LASTMARKET': 'Coinsbit', 'VOLUMEHOUR': 2653.1231255500006, 'VOLUMEHOURTO': 46869.21796650996, 'OPENHOUR': 17.67, 'HIGHHOUR': 17.8, 'LOWHOUR': 17.64, 'TOPTIERVOLUME24HOUR': 7533.65, 'TOPTIERVOLUME24HOURTO': 132990.925268, 'CHANGE24HOUR': 0.04999999999999716, 'CHANGEPCT24HOUR': 0.2840909090908929, 'CHANGEDAY': -0.030000000000001137, 'CHANGEPCTDAY': -0.16968325791855846, 'CHANGEHOUR': -0.020000000000003126, 'CHANGEPCTHOUR': -0.11318619128468095, 'CONVERSIONTYPE': 'direct', 'CONVERSIONSYMBOL': '', 'SUPPLY': 155536713, 'MKTCAP': 2745222984.45, 'TOTALVOLUME24H': 4454993.444237768, 'TOTALVOLUME24HTO': 78636735.01698653, 'TOTALTOPTIERVOLUME24H': 3349339.590294835, 'TOTALTOPTIERVOLUME24HTO': 59115865.771471836, 'IMAGEURL': '/media/1383947/bnb.png'}}","{'USD': {'FROMSYMBOL': 'BNB', 'TOSYMBOL': '$', 'MARKET': 'CryptoCompare Index', 'PRICE': '$ 17.65', 'LASTUPDATE': 'Just now', 'LASTVOLUME': 'BNB 33.92', 'LASTVOLUMETO': '$ 598.74', 'LASTTRADEID': '217307172', 'VOLUMEDAY': 'BNB 131,758.2', 'VOLUMEDAYTO': '$ 2,329,902.0', 'VOLUME24HOUR': 'BNB 170,567.8', 'VOLUME24HOURTO': '$ 3,016,621.5', 'OPENDAY': '$ 17.68', 'HIGHDAY': '$ 17.80', 'LOWDAY': '$ 17.50', 'OPEN24HOUR': '$ 17.60', 'HIGH24HOUR': '$ 18.09', 'LOW24HOUR': '$ 17.50', 'LASTMARKET': 'Coinsbit', 'VOLUMEHOUR': 'BNB 2,653.12', 'VOLUMEHOURTO': '$ 46,869.2', 'OPENHOUR': '$ 17.67', 'HIGHHOUR': '$ 17.80', 'LOWHOUR': '$ 17.64', 'TOPTIERVOLUME24HOUR': 'BNB 7,533.65', 'TOPTIERVOLUME24HOURTO': '$ 132,990.9', 'CHANGE24HOUR': '$ 0.050', 'CHANGEPCT24HOUR': '0.28', 'CHANGEDAY': '$ -0.030', 'CHANGEPCTDAY': '-0.17', 'CHANGEHOUR': '$ -0.020', 'CHANGEPCTHOUR': '-0.11', 'CONVERSIONTYPE': 'direct', 'CONVERSIONSYMBOL': '', 'SUPPLY': 'BNB 155,536,713.0', 'MKTCAP': '$ 2.75 B', 'TOTALVOLUME24H': 'BNB 4.45 M', 'TOTALVOLUME24HTO': '$ 78.64 M', 'TOTALTOPTIERVOLUME24H': 'BNB 3.35 M', 'TOTALTOPTIERVOLUME24HTO': '$ 59.12 M', 'IMAGEURL': '/media/1383947/bnb.png'}}"
7,"{'Id': '932313', 'Name': 'GAPS', 'FullName': 'Gaps Chain', 'Internal': 'GAPS', 'ImageUrl': '/media/35651651/gaps.png', 'Url': '/coins/gaps/overview', 'Algorithm': 'N/A', 'ProofType': 'N/A', 'Rating': {'Weiss': {'Rating': '', 'TechnologyAdoptionRating': '', 'MarketPerformanceRating': ''}}, 'NetHashesPerSecond': 0, 'BlockNumber': 0, 'BlockTime': 0, 'BlockReward': 0, 'Type': 1, 'DocumentType': 'Webpagecoinp'}","{'USD': {'TYPE': '5', 'MARKET': 'CCCAGG', 'FROMSYMBOL': 'GAPS', 'TOSYMBOL': 'USD', 'FLAGS': '2052', 'PRICE': 1.388484006, 'LASTUPDATE': 1591453296, 'MEDIAN': 1.3886772536, 'LASTVOLUME': 593.2672, 'LASTVOLUMETO': 823.7420184844032, 'LASTTRADEID': '15914521030002', 'VOLUMEDAY': 110050.44299999996, 'VOLUMEDAYTO': 152803.2799587146, 'VOLUME24HOUR': 171002.7224, 'VOLUME24HOURTO': 237434.5450348579, 'OPENDAY': 1.371091722, 'HIGHDAY': 1.4010451, 'LOWDAY': 1.363361818, 'OPEN24HOUR': 1.393315196, 'HIGH24HOUR': 1.40587629, 'LOW24HOUR': 1.363361818, 'LASTMARKET': 'Bitforex', 'VOLUMEHOUR': 3125.2672000000002, 'VOLUMEHOURTO': 4339.383521676403, 'OPENHOUR': 1.39621391, 'HIGHHOUR': 1.39621391, 'LOWHOUR': 1.388484006, 'TOPTIERVOLUME24HOUR': 0, 'TOPTIERVOLUME24HOURTO': 0, 'CHANGE24HOUR': -0.004831189999999985, 'CHANGEPCT24HOUR': -0.3467406380027729, 'CHANGEDAY': 0.017392284000000036, 'CHANGEPCTDAY': 1.2684989429175502, 'CHANGEHOUR': -0.007729903999999843, 'CHANGEPCTHOUR': -0.5536332179930684, 'CONVERSIONTYPE': 'multiply', 'CONVERSIONSYMBOL': 'BTC', 'SUPPLY': 2000000000, 'MKTCAP': 2776968012, 'TOTALVOLUME24H': 1245296.5127999943, 'TOTALVOLUME24HTO': 1729074.2907503664, 'TOTALTOPTIERVOLUME24H': 0, 'TOTALTOPTIERVOLUME24HTO': 0, 'IMAGEURL': '/media/35651651/gaps.png'}}","{'USD': {'FROMSYMBOL': 'GAPS', 'TOSYMBOL': '$', 'MARKET': 'CryptoCompare Index', 'PRICE': '$ 1.39', 'LASTUPDATE': 'Just now', 'LASTVOLUME': 'GAPS 593.27', 'LASTVOLUMETO': '$ 823.74', 'LASTTRADEID': '15914521030002', 'VOLUMEDAY': 'GAPS 110,050.4', 'VOLUMEDAYTO': '$ 152,803.3', 'VOLUME24HOUR': 'GAPS 171,002.7', 'VOLUME24HOURTO': '$ 237,434.5', 'OPENDAY': '$ 1.37', 'HIGHDAY': '$ 1.40', 'LOWDAY': '$ 1.36', 'OPEN24HOUR': '$ 1.39', 'HIGH24HOUR': '$ 1.41', 'LOW24HOUR': '$ 1.36', 'LASTMARKET': 'Bitforex', 'VOLUMEHOUR': 'GAPS 3,125.27', 'VOLUMEHOURTO': '$ 4,339.38', 'OPENHOUR': '$ 1.40', 'HIGHHOUR': '$ 1.40', 'LOWHOUR': '$ 1.39', 'TOPTIERVOLUME24HOUR': 'GAPS 0', 'TOPTIERVOLUME24HOURTO': '$ 0', 'CHANGE24HOUR': '$ -0.0048', 'CHANGEPCT24HOUR': '-0.35', 'CHANGEDAY': '$ 0.017', 'CHANGEPCTDAY': '1.27', 'CHANGEHOUR': '$ -0.0077', 'CHANGEPCTHOUR': '-0.55', 'CONVERSIONTYPE': 'multiply', 'CONVERSIONSYMBOL': 'BTC', 'SUPPLY': 'GAPS 2,000,000,000.0', 'MKTCAP': '$ 2.78 B', 'TOTALVOLUME24H': 'GAPS 1.25 M', 'TOTALVOLUME24HTO': '$ 1.73 M', 'TOTALTOPTIERVOLUME24H': 'GAPS 0', 'TOTALTOPTIERVOLUME24HTO': '$ 0', 'IMAGEURL': '/media/35651651/gaps.png'}}"
8,"{'Id': '928755', 'Name': 'HEDG', 'FullName': 'HedgeTrade', 'Internal': 'HEDG', 'ImageUrl': '/media/35309585/hedg.png', 'Url': '/coins/hedg/overview', 'Algorithm': 'N/A', 'ProofType': 'N/A', 'Rating': {'Weiss': {'Rating': '', 'TechnologyAdoptionRating': '', 'MarketPerformanceRating': ''}}, 'NetHashesPerSecond': 0, 'BlockNumber': 0, 'BlockTime': 0, 'BlockReward': 0, 'Type': 1, 'DocumentType': 'Webpagecoinp'}","{'USD': {'TYPE': '5', 'MARKET': 'CCCAGG', 'FROMSYMBOL': 'HEDG', 'TOSYMBOL': 'USD', 'FLAGS': '513', 'PRICE': 2.431054808, 'LASTUPDATE': 1591453296, 'MEDIAN': 2.414628762, 'LASTVOLUME': 7.96056175, 'LASTVOLUMETO': 19.35256191671839, 'LASTTRADEID': '15914530860001', 'VOLUMEDAY': 119685.11041959004, 'VOLUMEDAYTO': 290961.0631315553, 'VOLUME24HOUR': 181657.58105116, 'VOLUME24HOURTO': 441619.5358240722, 'OPENDAY': 2.52188118, 'HIGHDAY': 2.542172178, 'LOWDAY': 2.406898857999999, 'OPEN24HOUR': 2.58468665, 'HIGH24HOUR': 2.591450316, 'LOW24HOUR': 2.406898857999999, 'LASTMARKET': 'BitTrex', 'VOLUMEHOUR': 2335.87742213, 'VOLUMEHOURTO': 5678.646037967782, 'OPENHOUR': 2.411730048, 'HIGHHOUR': 2.431054808, 'LOWHOUR': 2.41076381, 'TOPTIERVOLUME24HOUR': 181657.58105116, 'TOPTIERVOLUME24HOURTO': 441619.5358240722, 'CHANGE24HOUR': -0.15363184200000024, 'CHANGEPCT24HOUR': -5.943925233644869, 'CHANGEDAY': -0.09082637199999999, 'CHANGEPCTDAY': -3.601532567049808, 'CHANGEHOUR': 0.01932475999999994, 'CHANGEPCTHOUR': 0.8012820512820488, 'CONVERSIONTYPE': 'multiply', 'CONVERSIONSYMBOL': 'BTC', 'SUPPLY': 1000000000.05, 'MKTCAP': 2431054808.1215525, 'TOTALVOLUME24H': 183114.68760903002, 'TOTALVOLUME24HTO': 445161.84172735043, 'TOTALTOPTIERVOLUME24H': 181657.58105116038, 'TOTALTOPTIERVOLUME24HTO': 441619.53582407313, 'IMAGEURL': '/media/35309585/hedg.png'}}","{'USD': {'FROMSYMBOL': 'HEDG', 'TOSYMBOL': '$', 'MARKET': 'CryptoCompare Index', 'PRICE': '$ 2.43', 'LASTUPDATE': 'Just now', 'LASTVOLUME': 'HEDG 7.96', 'LASTVOLUMETO': '$ 19.35', 'LASTTRADEID': '15914530860001', 'VOLUMEDAY': 'HEDG 119,685.1', 'VOLUMEDAYTO': '$ 290,961.1', 'VOLUME24HOUR': 'HEDG 181,657.6', 'VOLUME24HOURTO': '$ 441,619.5', 'OPENDAY': '$ 2.52', 'HIGHDAY': '$ 2.54', 'LOWDAY': '$ 2.41', 'OPEN24HOUR': '$ 2.58', 'HIGH24HOUR': '$ 2.59', 'LOW24HOUR': '$ 2.41', 'LASTMARKET': 'BitTrex', 'VOLUMEHOUR': 'HEDG 2,335.88', 'VOLUMEHOURTO': '$ 5,678.65', 'OPENHOUR': '$ 2.41', 'HIGHHOUR': '$ 2.43', 'LOWHOUR': '$ 2.41', 'TOPTIERVOLUME24HOUR': 'HEDG 181,657.6', 'TOPTIERVOLUME24HOURTO': '$ 441,619.5', 'CHANGE24HOUR': '$ -0.15', 'CHANGEPCT24HOUR': '-5.94', 'CHANGEDAY': '$ -0.091', 'CHANGEPCTDAY': '-3.60', 'CHANGEHOUR': '$ 0.019', 'CHANGEPCTHOUR': '0.80', 'CONVERSIONTYPE': 'multiply', 'CONVERSIONSYMBOL': 'BTC', 'SUPPLY': 'HEDG 1,000,000,000.1', 'MKTCAP': '$ 2.43 B', 'TOTALVOLUME24H': 'HEDG 183.11 K', 'TOTALVOLUME24HTO': '$ 445.16 K', 'TOTALTOPTIERVOLUME24H': 'HEDG 181.66 K', 'TOTALTOPTIERVOLUME24HTO': '$ 441.62 K', 'IMAGEURL': '/media/35309585/hedg.png'}}"
9,"{'Id': '166390', 'Name': 'XTZ', 'FullName': 'Tezos', 'Internal': 'XTZ', 'ImageUrl': '/media/35651213/tezos-logo.png', 'Url': '/coins/xtz/overview', 'Algorithm': 'N/A', 'ProofType': 'DPoS', 'Rating': {'Weiss': {'Rating': 'B-', 'TechnologyAdoptionRating': 'B-', 'MarketPerformanceRating': 'C+'}}, 'NetHashesPerSecond': 0, 'BlockNumber': 655356, 'BlockTime': 0, 'BlockReward': 0, 'Type': 1, 'DocumentType': 'Webpagecoinp'}","{'USD': {'TYPE': '5', 'MARKET': 'CCCAGG', 'FROMSYMBOL': 'XTZ', 'TOSYMBOL': 'USD', 'FLAGS': '2052', 'PRICE': 2.945, 'LASTUPDATE': 1591453284, 'MEDIAN': 2.9447, 'LASTVOLUME': 64.33, 'LASTVOLUMETO': 189.490448, 'LASTTRADEID': '3263251', 'VOLUMEDAY': 670187.5697930712, 'VOLUMEDAYTO': 1962371.1153315115, 'VOLUME24HOUR': 1660298.91319618, 'VOLUME24HOURTO': 4878318.176036222, 'OPENDAY': 2.936, 'HIGHDAY': 2.969, 'LOWDAY': 2.905, 'OPEN24HOUR': 2.964, 'HIGH24HOUR': 2.984, 'LOW24HOUR': 2.903, 'LASTMARKET': 'Coinbase', 'VOLUMEHOUR': 15614.02004081, 'VOLUMEHOURTO': 45931.15749431159, 'OPENHOUR': 2.943, 'HIGHHOUR': 2.947, 'LOWHOUR': 2.938, 'TOPTIERVOLUME24HOUR': 1660298.91319618, 'TOPTIERVOLUME24HOURTO': 4878318.176036222, 'CHANGE24HOUR': -0.019000000000000128, 'CHANGEPCT24HOUR': -0.6410256410256453, 'CHANGEDAY': 0.008999999999999897, 'CHANGEPCTDAY': 0.3065395095367812, 'CHANGEHOUR': 0.0019999999999997797, 'CHANGEPCTHOUR': 0.06795786612299626, 'CONVERSIONTYPE': 'direct', 'CONVERSIONSYMBOL': '', 'SUPPLY': 810904882.005803, 'MKTCAP': 2388114877.5070896, 'TOTALVOLUME24H': 10105694.935289273, 'TOTALVOLUME24HTO': 29750009.461100377, 'TOTALTOPTIERVOLUME24H': 9954366.447893815, 'TOTALTOPTIERVOLUME24HTO': 29304347.06572076, 'IMAGEURL': '/media/35651213/tezos-logo.png'}}","{'USD': {'FROMSYMBOL': 'XTZ', 'TOSYMBOL': '$', 'MARKET': 'CryptoCompare Index', 'PRICE': '$ 2.95', 'LASTUPDATE': 'Just now', 'LASTVOLUME': 'XTZ 64.33', 'LASTVOLUMETO': '$ 189.49', 'LASTTRADEID': '3263251', 'VOLUMEDAY': 'XTZ 670,187.6', 'VOLUMEDAYTO': '$ 1,962,371.1', 'VOLUME24HOUR': 'XTZ 1,660,298.9', 'VOLUME24HOURTO': '$ 4,878,318.2', 'OPENDAY': '$ 2.94', 'HIGHDAY': '$ 2.97', 'LOWDAY': '$ 2.91', 'OPEN24HOUR': '$ 2.96', 'HIGH24HOUR': '$ 2.98', 'LOW24HOUR': '$ 2.90', 'LASTMARKET': 'Coinbase', 'VOLUMEHOUR': 'XTZ 15,614.0', 'VOLUMEHOURTO': '$ 45,931.2', 'OPENHOUR': '$ 2.94', 'HIGHHOUR': '$ 2.95', 'LOWHOUR': '$ 2.94', 'TOPTIERVOLUME24HOUR': 'XTZ 1,660,298.9', 'TOPTIERVOLUME24HOURTO': '$ 4,878,318.2', 'CHANGE24HOUR': '$ -0.019', 'CHANGEPCT24HOUR': '-0.64', 'CHANGEDAY': '$ 0.0090', 'CHANGEPCTDAY': '0.31', 'CHANGEHOUR': '$ 0.0020', 'CHANGEPCTHOUR': '0.07', 'CONVERSIONTYPE': 'direct', 'CONVERSIONSYMBOL': '', 'SUPPLY': 'XTZ 810,904,882.0', 'MKTCAP': '$ 2.39 B', 'TOTALVOLUME24H': 'XTZ 10.11 M', 'TOTALVOLUME24HTO': '$ 29.75 M', 'TOTALTOPTIERVOLUME24H': 'XTZ 9.95 M', 'TOTALTOPTIERVOLUME24HTO': '$ 29.30 M', 'IMAGEURL': '/media/35651213/tezos-logo.png'}}"
